[{"path":"/api/v1/tasks/*","method":"GET","status":"ACTIVE","mockType":"RULE","statefulParent":false,"proxyTimeoutInMillis":0,"webSocketTimeoutInMillis":0,"sseHeartBeatInMillis":0,"proxyPushIdOnConnect":false,"randomiseDefinitions":false,"proxyForwardWhenNoRuleMatch":false,"randomiseLatency":false,"randomiseLatencyRangeMinMillis":0,"randomiseLatencyRangeMaxMillis":0,"projectId":null,"definitions":[{"extId":"0186347c-4723-4520-8412-e76c95426d1c","orderNo":1,"httpStatusCode":200,"responseContentType":"application/json","responseBody":"[\n   {\n        \"id\": 1,\n        \"title\": \"task 1\",\n        \"description\": \"teste task\",\n        \"status\": \"Doing\",\n        \"dueDate\": \"2024-04-25T10:30:00\",\n        \"author\": {\n          \"id\": 10000,\n          \"name\": \"João\",\n          \"email\": \"joao@test.com\"\n        },\n        \"assignee\": {\n          \"id\": 10001,\n          \"name\": \"Maria\",\n          \"email\": \"maria@test.com\"\n        },\n        \"comments\": [],\n        \"createdAt\": \"2024-04-19T08:00:00\",\n        \"updatedAt\": \"2024-04-19T08:30:00\"\n    },\n   {\n        \"id\": 2,\n        \"title\": \"task 2\",\n        \"description\": \"teste task 2\",\n        \"status\": \"Doing\",\n        \"dueDate\": \"2024-04-25T10:30:00\",\n        \"author\": {\n          \"id\": 10000,\n          \"name\": \"João\",\n          \"email\": \"joao@test.com\"\n        },\n        \"assignee\": {\n          \"id\": 10001,\n          \"name\": \"Maria\",\n          \"email\": \"maria@test.com\"\n        },\n        \"comments\": [],\n        \"createdAt\": \"2024-04-19T08:00:00\",\n        \"updatedAt\": \"2024-04-19T08:30:00\"\n    }\n]","sleepInMillis":0,"suspend":false,"frequencyCount":0,"frequencyPercentage":0,"responseHeaders":{}}],"customJsSyntax":null,"rules":[],"statefulDefaultResponseBody":null,"statefulIdFieldName":null,"statefulIdFieldLocation":null,"extId":"d499c489-da30-43b5-8e0b-a12c327a7dd6","dateCreated":1714252331315,"createdBy":"admin","userCtxPath":""}]